Empresa,Cargo,Local,Data publicacao,Tipo de cargo,Remoto/Presencial
White Martins,Estagiario(a) de Analise de Dados - Diadema/SP,Diadema - SP,17/08/2023,Estagio,Presencial
Grupo Salta Educacao,Analista de Dados - Contas a Receber,Rio de Jan... - RJ,17/08/2023,Efetivo,Presencial
NAVA | Technology for Business,Pessoa Engenheira de Dados,Sao Paulo - SP,17/08/2023,Efetivo,Presencial
"LBCA - Lee, Brock, Camargo Advogados",Analista de Dados Juridicos,Sao Paulo - SP,17/08/2023,Efetivo,Remoto
BP - A Beneficencia Portuguesa de Sao Paulo,Pessoa Analista de Dados Pleno,Sao Paulo - SP,17/08/2023,Efetivo,Presencial
LEAN SALES,Assistente De Dados,Itajai - SC,16/08/2023,Efetivo,Presencial
NAVA | Technology for Business,PESSOA ESPECIALISTA DE GOVERNANCA DE DADOS,Sao Paulo - SP,16/08/2023,Efetivo,Presencial
Daniel Advogados,Cientista de Dados,Rio de Jan... - RJ,16/08/2023,Efetivo,Presencial
NAVA | Technology for Business,ANALISTA  DLP e PROTECAO DE DADOS SR,Osasco - SP,16/08/2023,Efetivo,Presencial
NAVA | Technology for Business,ANALISTA  DLP e PROTECAO DE DADOS SR,Osasco - SP,16/08/2023,Efetivo,Presencial
NAVA | Technology for Business,"ANALISTA DE PROTECAO DE DADOS SR - DISCOVERY, PROTECAO E CRIPTOGRAFIA",Osasco - SP,16/08/2023,Efetivo,Presencial
iK Ecossistema da Inovacao,Analista de dados,Rio de Jan... - RJ,16/08/2023,Efetivo,Presencial
Neoway,Pessoa Analista de Dados Junior,Nao informado,16/08/2023,Efetivo,Remoto
Oi,Tecnico (a/e) Processamento de Dados,Brasilia - DF,16/08/2023,Efetivo,Remoto
Instituto de Pesquisas ELDORADO,Analista de Dados Dogfooding,Manaus - AM,16/08/2023,Efetivo,Presencial
Stefanini Group,Administrador de Dados - AD,Sao Paulo - SP,16/08/2023,Efetivo,Remoto
@novarotadooeste,ANALISTA DE DADOS PL,Cuiaba - MT,16/08/2023,Efetivo,Presencial
GAVB,Pessoa Engenheira de dados II - Vaga afirmativa para mulheres (Cis e Trans),Nao informado,16/08/2023,Efetivo,Remoto
Logcomex,Engenheiro de Dados Pleno,Curitiba - PR,15/08/2023,Efetivo,Remoto
Logcomex,Engenheiro de Dados JR,Curitiba - PR,15/08/2023,Efetivo,Presencial
Libbs Farmaceutica,Analista de Engenharia de Dados Pleno,Sao Paulo - SP,15/08/2023,Efetivo,Remoto
Andrade Maia Advogados,Analista de Dados Junior,Porto Alegre - RS,15/08/2023,Efetivo,Presencial
Cencosud Brasil,Cientista de Dados (Cencosud) - Sao Paulo/SP ,Sao Paulo - SP,15/08/2023,Efetivo,Presencial
Carreiras Alumia,Estagio em Dados,Sao Paulo - SP,15/08/2023,Estagio,Presencial
YDUQS,PESSOA ANALISTA COMERCIAL PLENA (FOCO EM DADOS),Sao Paulo - SP,15/08/2023,Efetivo,Presencial
Quality Digital,5278774 - CIENTISTA DE DADOS SENIOR,Barueri - SP,15/08/2023,Temporario,Remoto
Trinus Co.,Analista de Inteligencia de Dados - Gestao Imobiliaria,Goiania - GO,15/08/2023,Efetivo,Presencial
Kangu,Analista de Dados PL - Presencial,Osasco - SP,15/08/2023,Efetivo,Presencial
BP - A Beneficencia Portuguesa de Sao Paulo,Pessoa Analista  Dados Sr - Proadi TeleNordeste,Sao Paulo - SP,15/08/2023,Efetivo,Presencial
Performa IT,Analista de dados,Campinas - SP,14/08/2023,Efetivo,Remoto
Vagas Inmetrics,ANALISTA DE INTELIGENCIA DE DADOS PL (HIBRIDO),Sao Paulo - SP,14/08/2023,Efetivo,Presencial
SiMCo - Healthcare Platform,Analista de Inteligencia Operacional e Dados Sr,Fortaleza - CE,14/08/2023,Efetivo,Remoto
SiMCo - Healthcare Platform,Analista de Inteligencia Operacional e Dados Sr,Fortaleza - CE,14/08/2023,Efetivo,Remoto
Cogna Educacao,PESSOA ESTAGIARIA - ANALISE DE DADOS R&S,Valinhos - SP,14/08/2023,Efetivo,Presencial
The Bridge Social,Engenheiro de Dados,Nao informado,14/08/2023,Pessoa Juridica,Remoto
Grupo Boticario,Especialista em Engenharia de Dados II (Produtos Digitais) - Vaga afirmativa para Pessoas Negras (pretas e pardas) e Mulheres (cis e trans),Nao informado,14/08/2023,Efetivo,Remoto
Banco Bmg,Engenharia de Dados Senior,Sao Paulo - SP,14/08/2023,Efetivo,Presencial
Grupo Boticario,Especialista I - Business Owner Dados & Insights | Vaga Afirmativa para Pessoas Negras (Pretas e Pardas),Sao Paulo - SP,14/08/2023,Efetivo,Remoto
Bip Brasil,Pessoa Analista de Dados Pleno - Telecomunicacoes,Sao Paulo - SP,14/08/2023,Efetivo,Remoto
Leega Consultoria,Engenheiro de Dados Azure/Databricks Senior,Sao Caetan... - SP,14/08/2023,Pessoa Juridica,Remoto
J&T Express Brasil,Analista de dados - Serra/ES,Serra - ES,14/08/2023,Efetivo,Presencial
Vertigo Tecnologia,Desenvolvedor(a) em Python (Plataforma de Dados),Rio de Jan... - RJ,14/08/2023,Efetivo,Remoto
Modal - Estrategia em Captacao 360,Analista de Dados BI,Barueri - SP,14/08/2023,Efetivo,Presencial
J&T Express Brasil,Analista de dados (Financeiro) Jr - Brasilia/DF,Brasilia - DF,14/08/2023,Efetivo,Presencial
B. Braun Group,Especialista de Inteligencia de Dados,Rio de Jan... - RJ,14/08/2023,Efetivo,Presencial
SiDi,Estagio em Engenharia de Dados,Campinas - SP,14/08/2023,Estagio,Presencial
Aeris Energy,Banco de Dados - Profissionais com Deficiencia (PCD),Caucaia - CE,14/08/2023,Banco de Talentos,Presencial
Cia Hering,CIA HERING | Especialista em Analise de Dados,Sao Paulo - SP,14/08/2023,Efetivo,Remoto
Confidencial,ESTAGIARIO(A) - ANALISE DE DADOS,Rio de Jan... - RJ,14/08/2023,Estagio,Presencial
Mutant,Analista Funcional de dados,Sao Paulo - SP,14/08/2023,Efetivo,Remoto
J&T Express Brasil,"Analista de dados, Brasilia/DF",Brasilia - DF,14/08/2023,Efetivo,Presencial
Grupo Boticario,Analista de Inteligencia de Gestao de Estoque III (Gestao de Dados),Curitiba - PR,14/08/2023,Efetivo,Presencial
Corporativo - Agibank,ANALISTA DE PLANEJAMENTO DE VENDAS PLENO | ENFASE EM DADOS  (HIBRIDO CAMPINAS/SP),Campinas - SP,14/08/2023,Efetivo,Presencial
Mutant,Engenheiro de Dados Senior,Sao Paulo - SP,11/08/2023,Efetivo,Remoto
Barcelos,ASSISTENTE DE INTELIGENCIA DE DADOS/ CAMPOS DOS GOYTACAZES,Campos dos... - RJ,11/08/2023,Efetivo,Presencial
Mutant,Engenheiro de Dados Pleno,Sao Paulo - SP,11/08/2023,Efetivo,Remoto
"Vagas, empregos, oportunidades",Cientista de Dados - Vaga Afirmativa para Mulheres,Joinville - SC,11/08/2023,Efetivo,Remoto
YDUQS - Vagas Tech,ANALISTA DE GOVERNANCA DE DADOS JUNIOR,Rio de Jan... - RJ,11/08/2023,Efetivo,Presencial
Venha fazer parte da revolucao da logistica e mobilidade no mundo!,Estagio em Engenharia de Dados,Joinville - SC,11/08/2023,Estagio,Presencial
YDUQS - Vagas Tech,PESSOA  ASSISTENTE DE ANALISE DE DADOS,Rio de Jan... - RJ,11/08/2023,Efetivo,Presencial
Neogrid Carreiras,Estagiario Governanca de Dados,Sao Paulo - SP,11/08/2023,Estagio,Remoto
Sumicity,Analista de dados Pleno,Sao Paulo - SP,11/08/2023,Efetivo,Remoto
KOVI ,Analista de Operacoes Pleno (dados) - zona sul de Sao Paulo/SP,Sao Paulo - SP,11/08/2023,Efetivo,Presencial
NAVA | Technology for Business,Pessoa Engenheira de Dados,Sao Paulo - SP,11/08/2023,Efetivo,Presencial
Alpargatas,Fabrica Santa Rita (F26) - Analista de Dados Tecnicos Senior,Santa Rita - PB,11/08/2023,Efetivo,Presencial
Cielo,Estagio em Analise de Dados - ESG | Vaga Afirmativa para Mulheres Negras,Barueri - SP,11/08/2023,Estagio,Presencial
Pagina de Carreiras da Netbr,"Analista Senior de Seguranca da Informacao, Protecao de dados e Suporte Interno",Sao Paulo - SP,11/08/2023,Efetivo,Presencial
Datum TI,Pessoa Engenheira de Dados Senior,Porto Alegre - RS,11/08/2023,Efetivo,Remoto
Looqbox,Analista de Dados Pleno (Python Developer - Remoto),Sao Paulo - SP,11/08/2023,Pessoa Juridica,Remoto
Trademaster,Product Owner Senior - Dados (Hibrido),Sao Paulo - SP,11/08/2023,Efetivo,Presencial
The Bridge Vagas,"Engenheiro de Dados Sr - Florianopolis, SC - Modelo Hibrido",Florianopolis - SC,11/08/2023,Efetivo,Presencial
Vagas Peers,Data Engineer (Engenheiro de Dados),Sao Paulo - SP,10/08/2023,Efetivo,Presencial
Lojas Renner,Pessoa Engenheira de Dados,Porto Alegre - RS,10/08/2023,Efetivo,Presencial
Grupo SEB,Analista de Privacidade de Dados Jr,Ribeirao P... - SP,10/08/2023,Efetivo,Presencial
Stefanini Group,MODELAGEM DE DADOS - AD,Brasilia - DF,10/08/2023,Efetivo,Remoto
Votorantim Cimentos - Futuros Talentos,Estagiaria/ Estagiario em Dados,Curitiba - PR,10/08/2023,Estagio,Presencial
AllowMe,Cientista de dados,Recife - PE,10/08/2023,Efetivo,Presencial
GLOBAL HITSS,12828-Analista de Dados Digitais,Sao Paulo - SP,10/08/2023,Efetivo,Presencial
Aliare,Estagio Suporte - Banco de Dados e Servicos,Rio Verde - GO,10/08/2023,Estagio,Presencial
YDUQS,PESSOA ANALISTA DE OPERACOES PLENO (MODELAGEM DE DADOS),Rio de Jan... - RJ,10/08/2023,Efetivo,Presencial
Seja Globalweb,ANALISTA DE BANCO DE DADOS SR,Brasilia - DF,10/08/2023,Efetivo,Presencial
Seja Globalweb,ANALISTA DE BANCO DE DADOS SR,Fortaleza - CE,10/08/2023,Efetivo,Presencial
Seja Globalweb,ANALISTA DE BANCO DE DADOS PL,Brasilia - DF,10/08/2023,Efetivo,Presencial
JDC Tech,Administrador de Banco de Dados Oracle,Belo Horiz... - MG,09/08/2023,Efetivo,Remoto
Tech Sicredi,Analista de Dados - Foco em Precificacao de Credito,Porto Alegre - RS,09/08/2023,Efetivo,Remoto
JDC Tech,Engenheiro de Dados,Nao informado,09/08/2023,Efetivo,Remoto
Poliedro Educacao,Analista de Dados Senior,Sao Jose d... - SP,09/08/2023,Efetivo,Remoto
Tech Sicredi,Cientista de Dados -  Foco Concessao de Credito,Porto Alegre - RS,09/08/2023,Efetivo,Remoto
https://www.linkedin.com/company/boston-metal-do-brasil/?viewAsMember=true,Analista de Dados,Sao Joao D... - MG,09/08/2023,Efetivo,Presencial
Cogna Educacao,ANALISTA DE DADOS SR,Sao Paulo - SP,09/08/2023,Efetivo,Presencial
Porto,Analista de Inteligencia de Dados Senior,Sao Paulo - SP,09/08/2023,Efetivo,Presencial
MTP Metodos e Tecnologia - Brasil,553 - Analista de Dados Pleno,Sao Paulo - SP,09/08/2023,Efetivo,Presencial
Strada,Engenheiro(a) de Dados Senior,Sao Paulo - SP,09/08/2023,Efetivo,Presencial
Confidencial,Engenheiro de Dados,Rio de Jan... - RJ,09/08/2023,Efetivo,Presencial
Minsait an Indra Company,Pessoa Engenheira de Dados Senior,Goiania - GO,09/08/2023,Efetivo,Presencial
Kangu,Analista de Dados PL,Osasco - SP,09/08/2023,Efetivo,Presencial
Serede,TECNICO DADOS I - SAO PAULO,Sao Paulo - SP,09/08/2023,Efetivo,Presencial
GAVB,Pessoa Engenheira de dados - [Especialista I - Tec],Nao informado,09/08/2023,Efetivo,Remoto
Faca parte do time Mercantil,Assistente de Dados - RH,Belo Horiz... - MG,09/08/2023,Efetivo,Presencial
EXA,Engenheiro(a) de Dados,Sao Paulo - SP,09/08/2023,Efetivo,Presencial
EtheriumTech - Cloud & Data Center,Administrador de Banco de Dados - DBA,Barueri - SP,09/08/2023,Associado,Presencial
Afya,AFYA SP | Pessoa Estagiaria em Ciencias de Dados - Vaga afirmativa para Pessoas com Deficiencia (PCD),Sao Paulo - SP,08/08/2023,Estagio,Remoto
Seja Globalweb,ANALISTA DE BANCO DE DADOS SR,Fortaleza - CE,08/08/2023,Efetivo,Presencial
SindiLojas Porto Alegre,Analista de Dados - Economista,Porto Alegre - RS,08/08/2023,Efetivo,Presencial
Vetta Tecnologia,Analista de Dados - Senior,Belo Horiz... - MG,08/08/2023,Efetivo,Remoto
Confidencial,Administrador Banco de Dados Pl.,Sao Jose d... - SP,08/08/2023,Efetivo,Remoto
V.tal | o futuro passa por aqui,Engenheiro de Dados I,Sao Paulo - SP,08/08/2023,Efetivo,Presencial
Itau Unibanco,Carreiras de Dados   Exclusiva para Profissionais com Deficiencia,Sao Paulo - SP,08/08/2023,Efetivo,Presencial
NAVA | Technology for Business,PESSOA ENGENHEIRA DE DADOS,Nao informado,08/08/2023,Efetivo,Remoto
NAVA | Technology for Business,PESSOA ENGENHEIRA DE DADOS,Nao informado,08/08/2023,Efetivo,Remoto
Bridge & Co.,Analista de Dados Pleno/Senior (BI),Rio de Jan... - RJ,08/08/2023,Efetivo,Presencial
NAVA | Technology for Business,PESSOA ENGENHEIRA DE DADOS,Nao informado,08/08/2023,Efetivo,Remoto
KOVR,Analista de Dados Pleno,Sao Paulo - SP,08/08/2023,Efetivo,Presencial
NAVA | Technology for Business,PESSOA ENGENHEIRA DE DADOS,Nao informado,08/08/2023,Efetivo,Remoto
NAVA | Technology for Business,PESSOA ENGENHEIRA DE DADOS,Nao informado,08/08/2023,Efetivo,Remoto
CTC,Administrador de Banco de Dados (Remoto),Rio de Jan... - RJ,08/08/2023,Efetivo,Remoto
NAVA | Technology for Business,PESSOA ENGENHEIRA DE DADOS,Nao informado,08/08/2023,Efetivo,Remoto
Lojas Renner,Analista de Dados | Insights de Negocios,Sao Paulo - SP,08/08/2023,Efetivo,Presencial
JDC Tech,Engenheiro de Dados Senior,Nao informado,08/08/2023,Pessoa Juridica,Remoto
will bank,Pessoa Engenheira de Dados Especialista,Sao Paulo - SP,07/08/2023,Efetivo,Remoto
YDUQS - Vagas Tech,PESSOA ESPECIALISTA (ENGENHEIRO DE DADOS),Rio de Jan... - RJ,07/08/2023,Efetivo,Presencial
MESHA TECNOLOGIA,Lider Tecnico (Dados) - Hibrido,Maceio - AL,07/08/2023,Efetivo,Presencial
3CON | IT & Digital,Analista de Banco de Dados PostgreSQL,Sao Paulo - SP,07/08/2023,Efetivo,Presencial
Bip Brasil,Analista de Dados Pleno - Manufacturing,Sao Paulo - SP,07/08/2023,Efetivo,Remoto
MESHA TECNOLOGIA,Analista de Dados - Hibrido (Maceio),Maceio - AL,07/08/2023,Efetivo,Presencial
Bemobi,Estagio em Dados,Rio de Jan... - RJ,07/08/2023,Estagio,Remoto
Stefanini Group,Cientista de Dados Pleno,Belo Horiz... - MG,07/08/2023,Efetivo,Remoto
Stefanini Group,Cientista de Dados Jr,Belo Horiz... - MG,07/08/2023,Efetivo,Remoto
Digio,Estagiario de Dados e MIS,Barueri - SP,07/08/2023,Estagio,Remoto
Stefanini Group,Analista de Dados,Sao Jose d... - SP,07/08/2023,Efetivo,Presencial
Superlogica Tecnologias,Pessoa Analista de Marketing Pleno - Foco em Dados,Londrina - PR,07/08/2023,Efetivo,Remoto
Omie,Engenheiro de Dados II,Sao Paulo - SP,07/08/2023,Efetivo,Remoto
Conexia,Administrador de Banco de Dados,Ribeirao P... - SP,07/08/2023,Efetivo,Remoto
Montreal & Tecnologia & Inovacao,Administrador de Banco de Dados ADABAS/NATURAL - Regional RJ,Rio de Jan... - RJ,07/08/2023,Efetivo,Presencial
V360,"V360 - Estagio em Processos e Projetos, Dados e Gente e Gestao - ChegaMais",Nao informado,06/08/2023,Estagio,Remoto
BIRD Moving Business Forward,Analista de Dados e CRM,Sao Paulo - SP,04/08/2023,Pessoa Juridica,Presencial
Stefanini Group,ADMINISTRADOR DADOS SR - AD,Brasafalia - DF,04/08/2023,Efetivo,Remoto
Centro de Excelencia Votorantim,ANALISTA DE DADOS,Sao Paulo - SP,04/08/2023,Efetivo,Presencial
Tech Sicredi,Cientista de Dados - Foco em Investimentos,Porto Alegre - RS,04/08/2023,Efetivo,Remoto
Stormx,Pessoa Analista de Dados,Sao Paulo - SP,04/08/2023,Pessoa Juridica,Presencial
Centro de Excelencia Votorantim,CONSULTOR(A) DE DADOS,Sao Paulo - SP,04/08/2023,Efetivo,Presencial
Radix Engenharia e Software,Profissional Analista de Dados Power BI Senior,Nao informado,04/08/2023,Efetivo,Remoto
Webjump,Analista de Dados,Santo Amaro - SP,04/08/2023,Efetivo,Remoto
inventCloud,Cientista de Dados Especialista em Oracle  - OCI,Sao Paulo - SP,04/08/2023,Pessoa Juridica,Remoto
NAVA | Technology for Business,Pessoa Engenheira de Dados,Sao Paulo - SP,04/08/2023,Efetivo,Presencial
Brasilseg,Especialista em Ciencia de Dados / Data Science Specialist / Cientista de Dados / Data Scientist,Sao Paulo - SP,04/08/2023,Efetivo,Presencial
Globo,Pessoa Analista de Dados Senior - Segmentacao de audiencias em First-Party Data - NIP | Mais pessoas negras na Globo! ,Sao Paulo - SP,03/08/2023,Efetivo,Presencial
ACE Ventures,Estagio de Inteligencia de Dados,Sao Paulo - SP,03/08/2023,Estagio,Remoto
Contabilizei Carreira Tech,Engenheiro de Dados Senior,Nao informado,03/08/2023,Efetivo,Remoto
Contabilizei Carreira Tech,Analista de Dados Pleno,Nao informado,03/08/2023,Efetivo,Remoto
NAVA | Technology for Business,Visualizacao de Dados,Sao Paulo - SP,03/08/2023,Efetivo,Presencial
Rede Verbita de Educacao,Analista de Dados Junior,Belo Horiz... - MG,03/08/2023,Efetivo,Presencial
CNP Seguradora,ESPECIALISTA DE DADOS,Barueri - SP,03/08/2023,Efetivo,Presencial
Confidencial,ANALISTA BUSINESS INTELLIGENCE PLENO  - DADOS,Rio de Jan... - RJ,03/08/2023,Efetivo,Presencial
Nordica,Engenheiro de Dados,Sao Paulo - SP,03/08/2023,Efetivo,Remoto
Venha fazer parte da revolucao da logistica e mobilidade no mundo!,People Ops Sr - Analista de Dados e Projetos,Sao Paulo - SP,03/08/2023,Efetivo,Presencial
Venha fazer parte da revolucao da logistica e mobilidade no mundo!,People Ops Pl - Analista de Dados e Projetos,Sao Paulo - SP,03/08/2023,Efetivo,Presencial
Aramis,Engenheiro de Dados - TI,Sao Paulo - SP,03/08/2023,Efetivo,Presencial
Grupo Panvel,Analista de Planejamento Financeiro - Enfase em dados,Eldorado d... - RS,03/08/2023,Efetivo,Presencial
Central IT,ANALISTA DE BANCO DE DADOS PLENO,Nao informado,03/08/2023,Efetivo,Presencial
Solutis Tecnologias LTDA,Engenheiro(a) de Dados (Senior),Nao informado,03/08/2023,Efetivo,Remoto
Voke,Supervisor de Dados - Sao Paulo,Sao Paulo - SP,03/08/2023,Efetivo,Presencial
GAVB,Pessoa Especialista em Governanca de Dados I,Nao informado,03/08/2023,Efetivo,Remoto
Stefanini Group,Pessoa Engenheira de Dados,Nao informado,02/08/2023,Efetivo,Remoto
BETC HAVAS,Supervisor(a) de dados,Sao Paulo - SP,02/08/2023,Efetivo,Presencial
Infotec Brasil,Banco de Talentos - Engenheiro de Dados  - Engenheiro de Aplicacao,Rio de Jan... - RJ,02/08/2023,Efetivo,Presencial
Infotec Brasil,Banco de Talentos - Engenheiro de Dados,Rio de Jan... - RJ,02/08/2023,Efetivo,Presencial
ilegra,Pessoa Analista de Dados Plena,Porto Alegre - RS,02/08/2023,Efetivo,Remoto
Dotz,ANALISTA DE DADOS JUNIOR | RECUPERACAO DE CREDITO,Sao Paulo - SP,02/08/2023,Efetivo,Presencial
Vagas Valgroup,Analista de Dados,Lorena - SP,02/08/2023,Efetivo,Presencial
Vagas MRM Brasil,Analista de Dados Pleno Data Visualization (DATAVIS) - Freelancer,Sao Paulo - SP,02/08/2023,Freelancer,Presencial
Vagas MRM Brasil,Analista de Dados Pleno Machine Learning (ML) - Freelancer,Sao Paulo - SP,02/08/2023,Freelancer,Presencial
Senff,Analista de Dados Pleno,Curitiba - PR,02/08/2023,Efetivo,Presencial
Itau Unibanco,Faca sua Carreira de Dados no Itau ,Sao Paulo - SP,02/08/2023,Efetivo,Presencial
Qexpert,Analista de Dados Junior,Sao Paulo - SP,02/08/2023,Efetivo,Remoto
Convert Digital Business,Analista de Dados de Redes Sociais,Sao Paulo - SP,02/08/2023,Efetivo,Remoto
Infotec Brasil,Analista de Dados - Macae/RJ,Macae - RJ,02/08/2023,Efetivo,Presencial
EloGroup,Processo Seletivo 2023.2 - Estagio em Engenharia de Dados & BI,Nao informado,01/08/2023,Estagio,Remoto
Quero Educacao,Analista de Dados | Junior,Sao Jose d... - SP,01/08/2023,Efetivo,Presencial
FortBrasil,Engenheiro de Dados JR,Fortaleza - CE,01/08/2023,Efetivo,Remoto
PTC GROUP,Administrador de Dados,Sao Paulo - SP,01/08/2023,Pessoa Juridica,Remoto
V8.TECH,Pessoa Arquiteta de Governanca de Dados,Nao informado,01/08/2023,Pessoa Juridica,Remoto
Portobello,Pessoa Especialista em Engenharia de Dados,Florianopolis - SC,01/08/2023,Efetivo,Presencial
BP - A Beneficencia Portuguesa de Sao Paulo,Analista de Inteligencia de Mercado Pleno - (Foco em Dados),Sao Paulo - SP,01/08/2023,Efetivo,Presencial
TROC,ANALISTA DE DADOS,Quatro Barras - PR,01/08/2023,Efetivo,Remoto
Strattner,Analista de Dados (SP/RJ/SC),Palhoca - SC,01/08/2023,Efetivo,Presencial
Colormaq,Analista de Dados E-commerce,Sao Paulo - SP,01/08/2023,Efetivo,Presencial
Seja Globalweb,ARQUITETURA DE SISTEMAS DE DADOS,Fortaleza - CE,01/08/2023,Efetivo,Presencial
Smarthis,Cientista de Dados Junior,Rio de Jan... - RJ,31/07/2023,Efetivo,Remoto
Smarthis,Cientista de Dados Senior,Rio de Jan... - RJ,31/07/2023,Efetivo,Remoto
Smarthis,Engenheiro de Dados,Rio de Jan... - RJ,31/07/2023,Efetivo,Remoto
A3Data,Pessoa Engenheira de Dados Senior,Belo Horiz... - MG,31/07/2023,Efetivo,Remoto
YDUQS - Vagas Tech,PESSOA CIENTISTA DE DADOS (ESPECIALISTA),Rio de Jan... - RJ,31/07/2023,Efetivo,Remoto
YDUQS - Vagas Tech,PESSOA ENGENHEIRA DE DADOS (ESPECIALISTA),Rio de Jan... - RJ,31/07/2023,Efetivo,Remoto
alt.bank,Pessoa Cientista de Dados,Sao Paulo - SP,31/07/2023,Pessoa Juridica,Remoto
Globo,Analista de Dados Pleno | Inteligencia de Mercado - Dados & Servicos,Sao Paulo - SP,31/07/2023,Efetivo,Presencial
V4 Company,Analista de Dados Pleno | Time de Dados,Sao Leopoldo - RS,31/07/2023,Pessoa Juridica,Presencial
Leega Consultoria,Engenheiro de Dados Azure Sr. ( Ingles & Espanhol),Sao Paulo - SP,31/07/2023,Efetivo,Remoto
OMNI SAUDE,Analista de Dados & PowerBI,Goiania - GO,31/07/2023,Pessoa Juridica,Presencial
Minsait an Indra Company,Analista de Banco de Dados Senior,Sao Paulo - SP,31/07/2023,Efetivo,Presencial
Nuclea,Analista de Gestao de Dados Sr,Sao Paulo - SP,31/07/2023,Efetivo,Presencial
Webedia Brasil,Analista de Dados Comerciais,Sao Paulo - SP,31/07/2023,Efetivo,Presencial
ITAPEVA Recuperacao de Creditos,Trainee de Banco de Dados,Sao Paulo - SP,31/07/2023,Efetivo,Presencial
Raizen,Analista de Dados Senior | Shell Box - Remoto,Sao Paulo - SP,31/07/2023,Efetivo,Remoto
foodtosave,Analista de Dados Senior (Comercial),Sao Paulo - SP,31/07/2023,Banco de Talentos,Remoto
GLOBAL HITSS,13420-Pessoa Administradora de Banco de Dados,Sao Paulo - SP,29/07/2023,Efetivo,Presencial
Zallpy Digital,Estagio de Analise de dados,Porto Alegre - RS,28/07/2023,Estagio,Remoto
Join Tecnologia & Design,Analista de Dados JR,Brasilia - DF,28/07/2023,Efetivo,Remoto
Vibra Energia,Gerente de Relacionamento com o Cliente - CRM e Dados,Rio de Jan... - RJ,28/07/2023,Efetivo,Presencial
#VempraFTD,Analista de Dados | Analytics,Sao Paulo - SP,28/07/2023,Efetivo,Presencial
NAVA | Technology for Business,PESSOA ENGENHEIRA DE DADOS SR,Sao Paulo - SP,28/07/2023,Efetivo,Presencial
GOL Linhas Aereas,Analista de Dados II,Sao Paulo - SP,28/07/2023,Efetivo,Presencial
Vagas MRM Brasil,Analista de Dados Pleno (AD) FREELANCER,Sao Paulo - SP,27/07/2023,Freelancer,Remoto
Carreiras Alumia,Engenheiro de Dados Jr,Sao Paulo - SP,27/07/2023,Efetivo,Presencial
Energisa TECH,ANL BANCO DADOS I,Cataguases - MG,27/07/2023,Efetivo,Presencial
Porto,Cientista de Dados Sr,Sao Paulo - SP,27/07/2023,Efetivo,Presencial
Banco Bmg,Coordenacao em Ciencia de Dados - IA,Sao Paulo - SP,27/07/2023,Efetivo,Presencial
Central IT,Analista de banco de Dados,Brasilia - DF,27/07/2023,Efetivo,Presencial
Somos BHS ,Pessoa Administradora de Banco de Dados Junior (HomeOffice),Belo Horiz... - MG,27/07/2023,Efetivo,Remoto
Central Ailos,Analista de Gestao de Projetos II - Foco em Dados,Blumenau - SC,27/07/2023,Efetivo,Presencial
V8.TECH,Analista de Banco de Dados Oracle - Senior,Nao informado,27/07/2023,Pessoa Juridica,Presencial
Stefanini Group,Analista de redes e de comunicacao de dados Senior - RJ,Nao informado,27/07/2023,Efetivo,Presencial
Vibra Energia,Cientista de Dados Sr,Rio de Jan... - RJ,27/07/2023,Efetivo,Presencial
Stefanini Group,Administrador de banco de dados Senior -,Nao informado,27/07/2023,Efetivo,Presencial
Stefanini Group,Administrador de Banco de Dados Pleno,Nao informado,27/07/2023,Efetivo,Presencial
Seja Globalweb,ANALISTA DE BANCO DE DADOS SR,Brasilia - DF,27/07/2023,Pessoa Juridica,Presencial
Seja Globalweb,SUPORTE EM ANALISE DE BANCO DE DADOS DE CAPACIDADE,Fortaleza - CE,27/07/2023,Efetivo,Presencial
Localiza&Co,ESPECIALISTA EM ENGENHARIA DE DADOS I,Belo Horiz... - MG,27/07/2023,Efetivo,Remoto
Localiza&Co,ENGENHEIRO DE DADOS III,Belo Horiz... - MG,27/07/2023,Efetivo,Remoto
DB,Dev Node.js Pl - Segmento de Inteligencia de Dados,Sao Paulo - SP,26/07/2023,Efetivo,Remoto
MTP Metodos e Tecnologia - Brasil,534 - Trainee Inovacao & Dados,Sao Paulo - SP,26/07/2023,Efetivo,Presencial
Stefanini Group,Engenheiro de Dados Pl,Nao informado,26/07/2023,Efetivo,Remoto
Strada,Gerente de Dados e Novos Negocios,Sao Paulo - SP,26/07/2023,Efetivo,Presencial
MESHA TECNOLOGIA,Analista de Dados,Maceio - AL,26/07/2023,Efetivo,Remoto
Leega Consultoria,Engenheiro de Dados GCP Senior (Big Query / DataFlow),Barueri - SP,26/07/2023,Pessoa Juridica,Remoto
VR,ESPECIALISTA EM CIENCIA DE DADOS,Sao Paulo - SP,25/07/2023,Efetivo,Presencial
Talentos Hapvida,Oportunidade Interna - Analista de Dados Junior - Auditoria Interna,Fortaleza - CE,25/07/2023,Efetivo,Presencial
Vitru Education,"Professor-Autor - Ciencia de Dados, Inteligencia Artificial e Novas Tecnologias",Florianopolis - SC,25/07/2023,Autonomo,Remoto
Neos,Analista de BI/Dados Pleno,Sao Paulo - SP,25/07/2023,Pessoa Juridica,Remoto
Hapvida NotreDame Intermedica,Analista de Dados Junior - Auditoria Interna,Fortaleza - CE,25/07/2023,Efetivo,Presencial
NC Tech,Banco de Talentos - Especialista em Dados,Hortolandia - SP,25/07/2023,Banco de Talentos,Presencial
V.tal | o futuro passa por aqui,Analista de Dados (Performance Operacional) - Porto Alegre/RS,Nao informado,25/07/2023,Efetivo,Presencial
Hospital Sao Lucas da PUCRS,CIENTISTA DE DADOS SENIOR,Porto Alegre - RS,25/07/2023,Efetivo,Presencial
SLC Agricola,Analista de Suprimentos (Inteligencia de dados),Porto Alegre - RS,25/07/2023,Efetivo,Presencial
PreparaRH,Analista de Dados Junior,Aracatuba - SP,25/07/2023,Efetivo,Presencial
Afya,AFYA BH | Analista de Dados Educacionais Senior,Belo Horiz... - MG,25/07/2023,Efetivo,Presencial
GAV Resorts,Estagio em Ciencias de Dados,Goiania - GO,24/07/2023,Efetivo,Presencial
Unicred Central RJ/MT,Estagiario em Analise de Dados,Rio de Jan... - RJ,24/07/2023,Estagio,Presencial
Minsait an Indra Company,Pessoa Engenheira de Dados Senior,Goiania - GO,24/07/2023,Efetivo,Presencial
JDC Tech,Engenheiro de Dados Pleno,Nao informado,24/07/2023,Efetivo,Remoto
Empresa de Tecnologia,Engenheiro de Dados,Sao Paulo - SP,21/07/2023,Efetivo,Remoto
Atento TI,Analista de Dados Pleno - Sao Paulo - Hibrido,Nao informado,21/07/2023,Efetivo,Presencial
Vagas MRM Brasil,Diretora de Estrategia e Dados - Foco CRM,Sao Paulo - SP,21/07/2023,Efetivo,Presencial
Claro,Cientista De Dados Junior,Sao Paulo - SP,21/07/2023,Efetivo,Presencial
GAVB,Pessoa Engenheira de dados III,Nao informado,21/07/2023,Efetivo,Remoto
Cidade Center Norte,"Advogado(a) Senior (Compliance, Integridade e Privacidade de Dados)",Sao Paulo - SP,21/07/2023,Efetivo,Presencial
GRUPO LUIZ HOHL / CASA DO PICA PAU,Analista de Dados,Goiania - GO,21/07/2023,Efetivo,Remoto
Bip Brasil,Pessoa Engenheira de Dados Senior - Servicos Financeiros,Sao Paulo - SP,21/07/2023,Efetivo,Remoto
Locaweb,Analista de Dados Jr - modelo de trabalho hibrido (vaga exclusiva para PCD),Sao Paulo - SP,20/07/2023,Efetivo,Presencial
Midea Carrier,Arquiteto de Dados | Sao Paulo,Sao Paulo - SP,20/07/2023,Efetivo,Presencial
Farmacias APP,Analista de Dados SR,Nao informado,20/07/2023,Efetivo,Remoto
DUX Nutrition Lab,Analista de Dados Pleno,Sao Paulo - SP,20/07/2023,Efetivo,Presencial
Cielo,Engenheiro de Dados,Barueri - SP,20/07/2023,Efetivo,Remoto
DUX Nutrition Lab,Analista de Dados Senior,Sao Paulo - SP,20/07/2023,Efetivo,Presencial
Leve Saude,Cientista de Dados,Rio de Jan... - RJ,20/07/2023,Efetivo,Remoto
GAV Resorts,Analista de Engenharia de Dados Pleno,Goiania  - GO,20/07/2023,Efetivo,Presencial
MAGNA SISTEMAS,5180343 | Analista de Dados PL,Sao Paulo - SP,20/07/2023,Efetivo,Presencial
Quality Digital,5176118 - ENGENHEIRO DE DADOS AWS,Rio de Jan... - RJ,20/07/2023,Efetivo,Remoto
Cacau Show,Analista de Banco de Dados Senior,Itapevi - SP,20/07/2023,Efetivo,Remoto
Cacau Show,Analista de Banco de Dados Pleno,Itapevi - SP,20/07/2023,Efetivo,Remoto
Confidencial,Analista de Dados (Senior),Nao informado,20/07/2023,Efetivo,Remoto
Musa Tecnologia,Pessoa Analista de Dados Pleno,Sao Paulo - SP,20/07/2023,Efetivo,Presencial
Pmweb,Analista de Banco de dados,Porto Alegre - RS,20/07/2023,Efetivo,Remoto
Getrak.com,Head de Dados,Belo Horiz... - MG,20/07/2023,Efetivo,Remoto
Corporativo - Agibank,ANALISTA DE PRIVACIDADE DE DADOS PLENO (HIBRIDO CAMPINAS/SP),Campinas - SP,19/07/2023,Efetivo,Presencial
GLOBAL HITSS,10109-Cientista de Dados,Brasilia - DF,19/07/2023,Efetivo,Remoto
GLOBAL HITSS,12852-Pessoa Administradora de Banco de Dados,Brasilia - DF,19/07/2023,Efetivo,Presencial
Grupo Petlove,Estagio em Eng de Dados (Vaga afirmativa para mulheres),Sao Paulo - SP,19/07/2023,Estagio,Remoto
Faca parte do time Mercantil,Analista de Dados Cliente Junior,Belo Horiz... - MG,18/07/2023,Efetivo,Presencial
Stefanini Group,ADMINISTRADOR BANCO DADOS PL,Sao Paulo - SP,18/07/2023,Efetivo,Presencial
Daiichi Sankyo Brasil Farmaceutica,Especialista em Engenharia de Dados,Sao Paulo - SP,18/07/2023,Efetivo,Presencial
Unidades V4 Company,Analista de BI | Dados | V4 + Verderosi&CO,Sao Carlos - SP,18/07/2023,Pessoa Juridica,Presencial
Monte Carlo Joias,Estagiario de Analise de Dados,Rio de Jan... - RJ,18/07/2023,Estagio,Presencial
GRUPO COMETA,AGENTE DE ANALISE DE DADOS/ EC,Caceres - MT,18/07/2023,Efetivo,Remoto
Supernova,Analista de Dados,Goiania - GO,18/07/2023,Efetivo,Presencial
GLOBAL HITSS,12851-Pessoa Administradora de Dados,Brasilia - DF,18/07/2023,Efetivo,Presencial
Talentos Hapvida,Oportunidade Interna - Analista de Dados Pl,Fortaleza - CE,18/07/2023,Banco de Talentos,Presencial
Hapvida NotreDame Intermedica,Analista de Dados Pl,Fortaleza - CE,18/07/2023,Banco de Talentos,Presencial
PagBank,Analista de Cientista de Dados Sr.,Sao Paulo - SP,18/07/2023,Efetivo,Presencial
CVC Corp,PESSOA COORDENADORA DE DADOS,Santo Andre - SP,17/07/2023,Efetivo,Presencial
Recrutamento para area de tecnologia com Fit Cultural e Aderencia Tecnica.,Gerente de Dados,Sao Paulo - SP,17/07/2023,Efetivo,Remoto
Visagio,Visagio Talentos - Estagio: Tecnologia | Automacao e Dados Recife,Recife - PE,17/07/2023,Estagio,Presencial
Visagio,Visagio Talentos - Estagio: Tecnologia | Automacao e Dados Fortaleza,Fortaleza - CE,17/07/2023,Estagio,Presencial
Visagio,Visagio Talentos - Estagio: Tecnologia | Automacao e Dados SP,Sao Paulo - SP,17/07/2023,Estagio,Presencial
The Bridge Vagas,Analista de Dados SR - Hibrido (Sao Paulo/SP),Sao Paulo - SP,17/07/2023,Efetivo,Presencial
Visagio,Visagio Talentos - Estagio: Tecnologia | Automacao e Dados RJ,Rio de Jan... - RJ,17/07/2023,Estagio,Presencial
GLOBAL HITSS,12853-Pessoa Administradora de Banco de Dados,Brasilia - DF,17/07/2023,Efetivo,Presencial
Olist,Analista de Negocios e Dados Pleno,Sao Paulo - SP,17/07/2023,Efetivo,Presencial
GLOBAL HITSS,13264-Pessoa Administradora de Banco de Dados,Brasilia - DF,17/07/2023,Efetivo,Presencial
GLOBAL HITSS,13268-Pessoa Administradora de Banco de Dados,Brasilia - DF,17/07/2023,Efetivo,Presencial
CantuStore,Engenheiro de Dados PL,Itajai - SC,17/07/2023,Efetivo,Presencial
Vem ser Tahto,ANALISTA SENIOR DE DADOS E INDICADORES DA QUALIDADE - GOIANIA/GO | STAFF,Goiania - GO,14/07/2023,Efetivo,Presencial
GnTech,Analista de Dados,Florianopolis - SC,14/07/2023,Efetivo,Presencial
Afya,PEBMED | Analista de Dados Junior (Vaga Exclusiva para Profissionais com Deficiencia),Rio de Jan... - RJ,14/07/2023,Efetivo,Remoto
Oportunidades T-Systems,ANALISTA BANCO DE DADOS - ORACLE,Sao Bernar... - SP,14/07/2023,Efetivo,Remoto
Wake,Especialista em Banco de Dados (DBA) - Modelo de Trabalho Hibrido,Nao informado,14/07/2023,Efetivo,Presencial
wemobi,Estagio em Gerenciamento de Dados Comerciais,Barueri - SP,14/07/2023,Estagio,Presencial
Ambipar Response ES S/A,AMBIPAR RESPONSE CONTROL - Analista de Dados - Homeoffice,Vitoria - ES,14/07/2023,Efetivo,Remoto
Stormx,Pessoa Engenheira de Dados,Sao Paulo - SP,14/07/2023,Pessoa Juridica,Remoto
Cielo,Analista Senior em Governanca de Dados,Barueri - SP,14/07/2023,Efetivo,Remoto
GLOBAL HITSS,13259-Pessoa Administradora de Dados,Brasilia - DF,13/07/2023,Efetivo,Presencial
GLOBAL HITSS,13260-Pessoa Administradora de Dados,Brasilia - DF,13/07/2023,Efetivo,Presencial
Grupo Nos,Analista de Dados Pleno,Sao Paulo - SP,13/07/2023,Efetivo,Presencial
Raizen,Cientista de Dados- Combustiveis,Sao Paulo - SP,13/07/2023,Efetivo,Presencial
Addebirare,Analista de Dados | Planejamento Comercial,Sao Paulo - SP,13/07/2023,Efetivo,Presencial
Datum TI,Pessoa Analista de Seguranca e Privacidade de Dados Junior,Sao Paulo - SP,12/07/2023,Efetivo,Remoto
Barcelos,AUXILIAR DE PROCESSAMENTO E DADOS,Sao Joao d... - RJ,12/07/2023,Efetivo,Presencial
Join Tecnologia & Design,Analista de Dados (Python),Brasilia - DF,12/07/2023,Efetivo,Remoto
Zallpy Digital,Analista de Dados/BI JUNIOR - Hibrido (POA ou RJ),Porto Alegre - RS,12/07/2023,Efetivo,Presencial
Leega Consultoria,Engenheiro de Dados GCP - Senior,Sao Paulo - SP,12/07/2023,Efetivo,Remoto
Seja Every seguranca da informacao cybersecurity Every #SerFeliz LGPD GRC gerenciamento de risco inovacao Every TI VempraEvery Vem pra Every,Analista Junior de Privacidade de Dados,Brasilia - DF,12/07/2023,Efetivo,Presencial
Grupo Boticario,Especialista de Dados I (Trade Marketing) - Vaga Afirmativa para Pessoas Negras (pretas e pardas),Sao Jose d... - PR,11/07/2023,Efetivo,Presencial
GT Group,Estagio em Analise de Dados,Florianopolis - SC,11/07/2023,Estagio,Remoto
Stefanini Group,ADMINISTRADOR BANCO DADOS PL,Brasafalia - DF,11/07/2023,Efetivo,Presencial
Bip Brasil,Pessoa Especialista em Ciencia de Dados,Sao Paulo - SP,11/07/2023,Efetivo,Remoto
Bip Brasil,Pessoa Cientista de Dados Senior - Validacao de Modelos,Sao Paulo - SP,11/07/2023,Efetivo,Remoto
Trabalhe na Mills,Especialista de Dados,Sao Paulo - SP,11/07/2023,Efetivo,Presencial
Grendene,Analista de Dados I,Farroupilha - RS,11/07/2023,Efetivo,Remoto
Pif Paf Alimentos Estagio,Estagiario(a) de Dados,Belo Horiz... - MG,11/07/2023,Estagio,Presencial
IPNET Growth Partner,Engenheiro de Dados Senior,Rio de Jan... - RJ,10/07/2023,Efetivo,Presencial
NAVA | Technology for Business,Pessoa Engenheira de Dados  (Scala),Sao Paulo - SP,10/07/2023,Efetivo,Presencial
Barcelos,Assistente de Inteligencia de dados,Campos dos... - RJ,10/07/2023,Efetivo,Presencial
Riachuelo,Analista Dados | Vaga afirmativa para Pessoas com Deficiencia,Sao Paulo - SP,10/07/2023,Efetivo,Remoto
Foresea,Analista de Dados I | Data Analyst I,Macae - RJ,10/07/2023,Efetivo,Remoto
Getnet Brasil,Pessoa Arquiteta de Dados,Sao Paulo - SP,07/07/2023,Efetivo,Presencial
Getnet Brasil,Pessoa Engenheira de Dados PL,Sao Paulo - SP,07/07/2023,Efetivo,Presencial
Globo,Analista de Banco de Dados | DBDevOps,Rio de Jan... - RJ,07/07/2023,Efetivo,Remoto
Ajinomoto do Brasil,Analista de Dados & Inteligencia comercial,Sao Paulo - SP,07/07/2023,Efetivo,Presencial
VIACERTA Banking,Cientista de Dados Senior,Santo Cristo - RS,07/07/2023,Efetivo,Remoto
Barcelos,OPERADOR DE PROCESSAMENTOS DE DADOS - CAMPOS DOS GOYTACAZES/RJ,Campos dos... - RJ,06/07/2023,Efetivo,Presencial
Tech Sicredi,Cientista de Dados - Foco em Credito,Porto Alegre - RS,06/07/2023,Efetivo,Remoto
Tech Sicredi,Engenheiro de Dados - Foco em Credito,Porto Alegre - RS,06/07/2023,Efetivo,Remoto
GLOBAL HITSS,11619-Analista de Dados (BI),Campinas - SP,06/07/2023,Efetivo,Presencial
Ambev Tech,Engenharia de Dados - Financeiro (Anaplan),Nao informado,06/07/2023,Efetivo,Presencial
GOVERNANCABRASIL - GOVBR,Analista de Dados Jr,Blumenau - SC,06/07/2023,Efetivo,Remoto
ORIZON VR,Analista de Dados,Sao Paulo - SP,06/07/2023,Efetivo,Presencial
Algar Telecom,Pessoa Analista de Seguranca da Informacao II (Aplicacoes e Dados),Uberlandia - MG,06/07/2023,Associado,Remoto
JBS,Analista de BI/Dados - Senior/Especialista,Sao Paulo - SP,06/07/2023,Efetivo,Presencial
Unicred Central Conexao,Cientista de Dados | Florianopolis,Florianopolis - SC,06/07/2023,Efetivo,Presencial
Porto,Cientista de Dados Junior - Pesquisa Operacional,Sao Paulo - SP,05/07/2023,Efetivo,Presencial
Energisa TECH,ENGENHEIRO DADOS I,Rio de Jan... - RJ,05/07/2023,Efetivo,Presencial
Claranet Brasil,Administrador (a) de Banco de Dados Oracle Sr.,Barueri - SP,05/07/2023,Efetivo,Presencial
J&T Express Brasil,Analista de dados,Florianopolis - SC,05/07/2023,Efetivo,Presencial
A3Data,Pessoa Cientista de Dados Senior (Hibrido RMBH),Belo Horiz... - MG,04/07/2023,Efetivo,Remoto
GLOBAL HITSS,13379-Cientista de Dados,Brasilia - DF,04/07/2023,Efetivo,Remoto
Seg Imob Seguros Imobiliarios,Administrador de Banco de Dados,Uberlandia - MG,04/07/2023,Pessoa Juridica,Presencial
Stefanini Group,ADMINISTRADOR BANCO DADOS SR,Rio de Jan... - RJ,04/07/2023,Efetivo,Presencial
GLOBAL HITSS,12455-Cientista de Dados,Sao Paulo - SP,04/07/2023,Efetivo,Presencial
HS FINANCEIRA S/A - CFI,Analista de Dados JR - HS Financeira,Dois Irmaos - RS,04/07/2023,Efetivo,Presencial
Vem ser Tahto,ESPECIALISTA EM ENGENHARIA DE DADOS - GOIANIA/GO | STAFF,Goiania - GO,04/07/2023,Efetivo,Remoto
Unidades V4 Company,Analista de Dados - RPZ & Co (Presencial),Sao Jose d... - SP,03/07/2023,Pessoa Juridica,Presencial
Stefanini Group,Administrador de Dados,Nao informado,03/07/2023,Efetivo,Remoto
Minsait an Indra Company,Engenheiro de Dados Senior,Goiania - GO,03/07/2023,Efetivo,Presencial
Nuclea,Assistente de Analise de Dados - Vaga PCD,Sao Paulo - SP,30/06/2023,Efetivo,Presencial
Contabilizei,Analista de Dados Pleno,Nao informado,30/06/2023,Efetivo,Remoto
Porto,Analista de Inteligencia de Dados Pleno,Sao Paulo - SP,30/06/2023,Efetivo,Presencial
Cogna Educacao,ENGENHEIRO DADOS,Sao Paulo - SP,29/06/2023,Efetivo,Presencial
Saber Educacao,ANALISTA DE DADOS III,Sao Paulo - SP,29/06/2023,Efetivo,Presencial
Nuclea,Assistente Cientista de Dados - Vaga PCD,Sao Paulo - SP,29/06/2023,Efetivo,Presencial
NAVA | Technology for Business,PESSOA ENGENHEIRA DE DADOS SR - Riscos/Inteligencia,Sao Paulo - SP,28/06/2023,Efetivo,Presencial
Cielo,Analista de Dados Sr,Barueri - SP,28/06/2023,Efetivo,Remoto
REDE CACIQUE,FRENTISTA  - Baixa Grande do Ribeiro/PI (BANCO DE DADOS),Baixa Gran... - PI,28/06/2023,Banco de Talentos,Presencial
Samsung SDS Latin America,Cientista de Dados,Sao Paulo - SP,27/06/2023,Efetivo,Presencial
Seja Every seguranca da informacao cybersecurity Every #SerFeliz LGPD GRC gerenciamento de risco inovacao Every TI VempraEvery Vem pra Every,Analista Senior de Privacidade de Dados,Brasilia - DF,27/06/2023,Efetivo,Presencial
Seja Every seguranca da informacao cybersecurity Every #SerFeliz LGPD GRC gerenciamento de risco inovacao Every TI VempraEvery Vem pra Every,Analista Pleno de Privacidade de Dados,Brasilia - DF,27/06/2023,Efetivo,Presencial
Instituto de Pesquisas ELDORADO,Estagio para Analista de Dados,Manaus - AM,26/06/2023,Efetivo,Presencial
CONEXA,Cientista de Dados Senior,Rio de Jan... - RJ,26/06/2023,Efetivo,Remoto
Benner,Analista de Banco de Dados PL,Maringa - PR,26/06/2023,Efetivo,Remoto
Brasilprev,BANCO DE TALENTOS - Tecnologia e Dados,Sao Paulo - SP,26/06/2023,Banco de Talentos,Presencial
Agrofel Graos e Insumos,Banco de dados | Gerente de Unidade,Nao informado,24/06/2023,Efetivo,Presencial
Agrofel Graos e Insumos,Banco de Dados | Assistente Administrativo e Estoque,Nao informado,24/06/2023,Efetivo,Presencial
Agrofel Graos e Insumos,Banco de Dados | Consultor Comercial,Nao informado,24/06/2023,Efetivo,Presencial
Faca parte do time Mercantil,Analista de Dados de Controladoria Pleno,Belo Horiz... - MG,23/06/2023,Efetivo,Remoto
B. Braun Group,Especialista de Inteligencia de Dados,Rio de Jan... - RJ,23/06/2023,Efetivo,Presencial
Oficial Atakarejo,COORDENADOR DE INTELIGENCIA DE DADOS,Salvador - BA,23/06/2023,Efetivo,Presencial
Agrofel Graos e Insumos,Banco de Dados | Coordenador Administrativo,Nao informado,22/06/2023,Efetivo,Presencial
Agrofel Graos e Insumos,Banco de dados | Coordenador Comercial,Nao informado,22/06/2023,Efetivo,Presencial
Opice Blum Advogados Associados,Advogado(a) Senior | Protecao de Dados,Sao Paulo - SP,22/06/2023,Associado,Presencial
YDUQS,PESSOA ANALISTA EM GESTAO DE SERVICOS PLENA (DADOS),Rio de Jan... - RJ,22/06/2023,Efetivo,Presencial
Grupo Boticario,Especialista em Arquitetura de Dados II (Produtos Digitais),Nao informado,22/06/2023,Efetivo,Remoto
Embraer,Cientista de Dados JR/PL,Sao Jose d... - SP,22/06/2023,Efetivo,Presencial
OMNI Brasil,Estagiario de Dados,Sao Paulo - SP,20/06/2023,Estagio,Presencial
Ambipar Response ES S/A,AMBIPAR RESPONSE CONTROL - Digitador de Dados,Vitoria - ES,20/06/2023,Efetivo,Remoto
Riachuelo,Administrador de Banco de Dados  Senior,Sao Paulo - SP,20/06/2023,Efetivo,Remoto
Hapvida NotreDame Intermedica,Estagiario de Direito (Privacidade e Protecao de Dados),Fortaleza - CE,20/06/2023,Estagio,Presencial
Grupo Refriko,Analista de Dados,Cambe - PR,20/06/2023,Efetivo,Presencial
Confidencial079921,Analista de Sistemas Senior (Dados),Rio de Jan... - RJ,20/06/2023,Efetivo,Presencial
Cielo,Especialista em Arquitetura e Governanca de Dados,Barueri - SP,19/06/2023,Efetivo,Presencial
Stefanini Group,ADMINISTRADOR DE BANCO DE DADOS SENIOR,Rio de Jan... - RJ,19/06/2023,Efetivo,Presencial
Light,Tecnico Jr (Analise de Dados),Nova Iguacu - RJ,19/06/2023,Efetivo,Presencial
Datum TI,Pessoa Engenheira de Dados AWS Pleno,Sao Paulo - SP,19/06/2023,Efetivo,Remoto
SBT,Engenheiro de Dados Senior,Osasco - SP,19/06/2023,Efetivo,Presencial
Itau Unibanco,Analista Senior de Business Intelligence (BI) e Dados - CONSORCIO,Sao Paulo - SP,16/06/2023,Efetivo,Presencial
Qexpert,Engenheiro de Dados - DataOps - Senior,Sao Paulo - SP,16/06/2023,Efetivo,Presencial
Cadastra,Engenheiro de Dados - DataOps - Senior,Sao Paulo - SP,15/06/2023,Efetivo,Presencial
NAVA | Technology for Business,PESSOA ENGENHEIRA DE DADOS,Sao Paulo - SP,15/06/2023,Efetivo,Presencial
Superlogica Tecnologias,Pessoa Analista de Marketing Senior - Foco em Dados,Campinas - SP,15/06/2023,Efetivo,Remoto
Grupo Boticario,Especialista em Engenharia de Dados I (Produtos Digitais),Nao informado,15/06/2023,Efetivo,Remoto
200DEV,Engenheiro (a) de Dados Senior,Sao Paulo - SP,15/06/2023,Efetivo,Remoto
Porto,Analista de Engenharia de Dados Senior,Sao Paulo - SP,14/06/2023,Efetivo,Presencial
J&T Express Brasil,Analista de dados (BI) Sr.,Sao Paulo - SP,14/06/2023,Efetivo,Presencial
Webmotors,Pessoa Engenheira de Dados (Senior),Sao Paulo - SP,14/06/2023,Associado,Presencial
Grupo L'Occitane,Analista de Integracao e Engenharia de Dados,Sao Paulo - SP,12/06/2023,Efetivo,Remoto
Somos Educacao,SOMOS - ANALISTA DADOS II (ESTATISTICO),Sao Paulo - SP,09/06/2023,Efetivo,Presencial
Franq,Analista de Dados Pleno,Florianopolis - SC,09/06/2023,Efetivo,Presencial
Grupo SBF,Pessoa Arquiteta de Dados,Nao informado,09/06/2023,Efetivo,Remoto
Claranet Brasil,Banco de Talentos para Engenharia de Dados GCP,Barueri - SP,07/06/2023,Banco de Talentos,Presencial
NC Tech,Gerente de Dados,Hortolandia - SP,07/06/2023,Efetivo,Presencial
Bridge & Co.,Pessoa Engenheira de Dados,Rio de Jan... - RJ,07/06/2023,Efetivo,Presencial
EuroChem,Especialista de Dados e Inovacao - Paulinia/SP,Goiania - GO,07/06/2023,Efetivo,Presencial
Telefonica Tech,GERENTE BANCO DE DADOS,Barueri - SP,07/06/2023,Efetivo,Presencial
MTP Metodos e Tecnologia - Brasil,Banco de Talentos - Analista de Dados,Sao Jose d... - PR,07/06/2023,Banco de Talentos,Presencial
Engineering Brasil,Cientista de Dados Pleno/Senior,Sao Paulo - SP,06/06/2023,Efetivo,Remoto
Porto,Analista de Engenharia de Dados Sr,Barueri - SP,05/06/2023,Efetivo,Presencial
Movida Aluguel de Carros,ESPECIALISTA DE DADOS E CONTROLADORIA,Nao informado,05/06/2023,Efetivo,Presencial
Cielo,Cientista de Dados,Barueri - SP,05/06/2023,Efetivo,Remoto
Mercafacil,Engenheiro(a) de Dados Senior | Python (Banco de Talentos),Curitiba - PR,01/06/2023,Efetivo,Remoto
Trabalhe Conosco Unimed Goiania,Analista De Seguranca Informacao E Dados III - Seguranca Da Informacao E Dados (COPIA),Goiania - GO,01/06/2023,Efetivo,Presencial
Infotec Brasil,Engenheiro de Analise de Dados - Santos/SP,Santos - SP,01/06/2023,Efetivo,Presencial
Icomm Group,Estagio em Analise de Dados,Sao Paulo - SP,31/05/2023,Estagio,Presencial
Gerando Falcoes,Analista de Dados Pleno,Poa - SP,31/05/2023,Efetivo,Presencial
Eletromidia,Analista de Dados Pleno - IoT,Sao Paulo - SP,31/05/2023,Efetivo,Presencial
Unidades V4 Company,Analista de Dados com Power BI,Nao informado,31/05/2023,Pessoa Juridica,Remoto
Autoglass Administrativo,Assistente Administrativo de Dados,Vila Velha - ES,31/05/2023,Efetivo,Presencial
Sicredi,Analista de Dados - Foco em Associacao e Contas,Porto Alegre - RS,29/05/2023,Efetivo,Remoto
Vitru Education,Analista de Dados (Web Analytics CRO),Florianopolis - SC,29/05/2023,Efetivo,Presencial
"Vagas, empregos, oportunidades",Analista de Dados Pleno,Joinville - SC,26/05/2023,Efetivo,Remoto
Daniel Advogados,"Advogado(a) Pleno - Tecnologia, Privacidade e Protecao de Dados",Sao Paulo - SP,26/05/2023,Efetivo,Presencial
Stefanini Group,Engenheiro de Dados Senior (Databricks),Sorocaba - SP,24/05/2023,Efetivo,Remoto
Americanas S.A.,Analista de Privacidade Senior | Privacidade de Dados,Rio de Jan... - RJ,24/05/2023,Efetivo,Presencial
REDE CACIQUE,BANCO DE DADOS GERAL - REDE CACIQUE,Nao informado,23/05/2023,Banco de Talentos,Presencial
Getnet Brasil,Pessoa Analista de Risco Financeiro Pl | Analise de Dados,Porto Alegre - RS,23/05/2023,Efetivo,Presencial
EuroChem,Analista de Dados Industriais - Paulinia/SP,Paulinia - SP,22/05/2023,Efetivo,Presencial
Itau Unibanco,Estag Experience | Direcionado para perfil de dados,Sao Paulo - SP,22/05/2023,Estagio,Presencial
REDE CACIQUE,JOVEM APRENDIZ - BANCO DE DADOS REDE CACIQUE,Teresina - PI,20/05/2023,Banco de Talentos,Presencial
Karsten,Analista de CRM - Dados,Blumenau - SC,19/05/2023,Efetivo,Presencial
R Damasio,Assistente de Dados | Vendas Atacado,Teresina - PI,19/05/2023,Efetivo,Presencial
Ernesto Borges Advogados,Analista de Dados,Campo Grande - MS,18/05/2023,Efetivo,Remoto
Itau Unibanco,ANL ENGENHARIA DADOS SR - PREVENCAO A FRAUDES,Sao Paulo - SP,17/05/2023,Efetivo,Remoto
A3Data,Banco de Talentos - Pessoa Engenheira de Dados  [Senior-Especialista],Belo Horiz... - MG,17/05/2023,Banco de Talentos,Remoto
Lanlink Informatica,Analista de Suporte em Administracao de Banco de Dados -BANCO DE TALENTOS,Natal - RN,17/05/2023,Banco de Talentos,Presencial
A3Data,Banco de Talentos - Pessoa Analista de Dados [Senior-Especialista],Belo Horiz... - MG,17/05/2023,Banco de Talentos,Remoto
Autoglass Tech,Lider de Equipe - Dados,Vila Velha - ES,16/05/2023,Efetivo,Presencial
A3Data,Banco de Talentos - Pessoa Cientista de Dados [Senior-Especialista],Belo Horiz... - MG,15/05/2023,Banco de Talentos,Remoto
COTY,Analista de Dados - Performance,Sao Paulo - SP,15/05/2023,Efetivo,Presencial
Movida Aluguel de Carros,ENGENHEIRO (A) DE DADOS PL,Sao Paulo - SP,15/05/2023,Pessoa Juridica,Presencial
Sicredi,Analista de Dados - Foco em Credito - Afirmativa para PCD's,Porto Alegre - RS,12/05/2023,Efetivo,Remoto
Globo,Pessoa Engenheira de Dados | Big Data & AI,Rio de Jan... - RJ,11/05/2023,Banco de Talentos,Remoto
Grupo Yamaha Brasil,ANALISTA DE DADOS PL,Guarulhos - SP,11/05/2023,Efetivo,Presencial
Selecao de Professores - Centro Universitario Facens,Edital 2023.2 - Engenharia da Computacao - Estrutura de Dados,Sorocaba - SP,08/05/2023,Docente,Presencial
Selecao de Professores - Centro Universitario Facens,Edital 2023.2 - Analise e Desenvolvimento de Sistemas I Gestao de TI - Banco de Dados,Sorocaba - SP,08/05/2023,Docente,Presencial
NV,NV | Analista de Dados,Sao Paulo - SP,08/05/2023,Efetivo,Presencial
BP - A Beneficencia Portuguesa de Sao Paulo,Pessoa Consultora de Dados e Estatistica,Sao Paulo - SP,08/05/2023,Efetivo,Presencial
Softys Brasil,Data Science Sr (Cientista de Dados Sr),Sao Paulo - SP,08/05/2023,Efetivo,Presencial
Itau Unibanco,ANL ENGENHARIA DE DADOS SR - CREDITO PJ,Sao Paulo - SP,04/05/2023,Efetivo,Presencial
Veolia Brasil,Analista de Dados SR,Sao Paulo - SP,04/05/2023,Efetivo,Presencial
Leo Madeiras,Analista de Dados,Belo Horiz... - MG,03/05/2023,Efetivo,Presencial
AESC - Associacao Educadora Sao Carlos,Analista de Dados Epidemiologicos - Hospital Mae de Deus,Porto Alegre - RS,28/04/2023,Efetivo,Presencial
OZ Minerals,Analista de Banco de Dados Geologicos,Canaa dos ... - PA,28/04/2023,Efetivo,Presencial
J&T Express Brasil,Analista de dados (BI) Sr.,Sao Paulo - SP,27/04/2023,Efetivo,Presencial
Faca parte do time Mercantil,Analista de Dados Junior,Belo Horiz... - MG,27/04/2023,Efetivo,Presencial
Cresol Oficial,Administrador de Banco de Dados DBA | Cresol Confederacao,Florianopolis - SC,27/04/2023,Efetivo,Presencial
match.mt,Banco de Talentos : : Dados e Analytics,Sao Paulo - SP,26/04/2023,Banco de Talentos,Remoto
Close-up International,Analista de Informacoes JR/PL (Rewards - Banco de Dados),Sao Paulo - SP,26/04/2023,Efetivo,Presencial
Montreal & Tecnologia & Inovacao,Cientista de Dados - Regional Sao Paulo,Sao Paulo - SP,25/04/2023,Efetivo,Remoto
Telefonica Tech,Gerente de Dados (Big Data),Barueri - SP,25/04/2023,Efetivo,Presencial
J&T Express Brasil,Analista de dados (BI) Jr,Ribeirao P... - SP,25/04/2023,Efetivo,Presencial
Stocche Forbes Advogados,Advogado(a) Junior - Contratos / Societario / Protecao de Dados / Propriedade Intelectual,Belo Horiz... - MG,24/04/2023,Associado,Presencial
Itau Educacao e Trabalho,Analista em gestao do conhecimento  (monitoramento de pesquisas e dados),Sao Paulo - SP,20/04/2023,Efetivo,Presencial
Datum TI,Pessoa Engenheira de Dados Senior,Sao Paulo - SP,19/04/2023,Efetivo,Remoto
Stocche Forbes Advogados,Estagiario(a) - Contratos / Societario / Protecao de Dados / Propriedade Intelectual,Belo Horiz... - MG,18/04/2023,Estagio,Presencial
RHMED Consultores Associados,ANALISTA DE DADOS,Rio de Jan... - RJ,17/04/2023,Efetivo,Presencial
Diversa - Bip Brasil,Pessoa Cientista de Dados na xTech - Vaga afirmativa para PCD,Sao Paulo - SP,17/04/2023,Banco de Talentos,Remoto
Cielo,Especialista em Dados,Barueri - SP,14/04/2023,Efetivo,Presencial
Itau Unibanco,ANL SISTEMAS SR (Eng. Dados - Plataforma) - DADOS E CRM (REDE),Sao Paulo - SP,14/04/2023,Efetivo,Presencial
Superlogica Tecnologias,Pessoa Analista de Engenharia de Dados,Nao informado,11/04/2023,Efetivo,Remoto
Grupo Acelerador,Analista de Dados,Barueri - SP,10/04/2023,Efetivo,Presencial
Vivo Vita,Administrador de Banco De Dados Pleno,Sao Paulo - SP,06/04/2023,Efetivo,Presencial
Itau Unibanco,ANL ENGENHARIA DE DADOS SR - IBBA,Sao Paulo - SP,06/04/2023,Efetivo,Presencial
Rotoline,"Nao encontrou a vaga que procurava? Envie seu curriculo mesmo assim, para que possamos ter seus dados quando surgirem novas vagas.",Chapeco - SC,04/04/2023,Banco de Talentos,Presencial
Sisprime,Administrador de Banco de Dados,Londrina - PR,31/03/2023,Efetivo,Presencial
Ambev Tech,Engenharia de Dados - Vaga afirmativa para Mulheres e/ou Pessoas Pretas/Pardas e/ou PCD,Nao informado,27/03/2023,Efetivo,Presencial
Continental Bom Dia Distribuidora,Estagiario(a) de Dados e Processos,Itapeceric... - SP,24/03/2023,Estagio,Presencial
Hypera Pharma,ARQUITETO DADOS,Sao Paulo - SP,23/03/2023,Efetivo,Presencial
Unicred Central Conexao,Cientista de Dados | Itajai,Itajai  - SC,22/03/2023,Efetivo,Presencial
Stefanini Group,ENGENHEIRO DE DADOS SR,Sao Paulo - SP,21/03/2023,Efetivo,Remoto
V.tal | o futuro passa por aqui,Banco de Talentos - Dados,Nao informado,21/03/2023,Banco de Talentos,Presencial
ProcessMind,Analista Banco de Dados,Sao Paulo - SP,21/03/2023,Efetivo,Presencial
Welcome The Future,Analista de Banco de Dados,Salvador - BA,20/03/2023,Efetivo,Presencial
Itau Unibanco,Analista de Estrategia de Dados,Sao Paulo - SP,17/03/2023,Efetivo,Presencial
Sem Parar,Analista de Dados Comerciais,Sao Paulo - SP,15/03/2023,Efetivo,Remoto
Stefanini Group,Cientista de Dados,Nao informado,15/03/2023,Efetivo,Remoto
Stefanini Group,Engenheiro de Dados,Brasilia - DF,15/03/2023,Efetivo,Remoto
SLC Maquinas,Cientista de Dados Agro,Nao informado,15/03/2023,Efetivo,Presencial
J&T Express Brasil,Analista de Dados Senior - Sao Paulo / SP,Sao Paulo - SP,15/03/2023,Efetivo,Presencial
Embraer,Analista de Dados JR (Vaga afirmativa para pessoas com deficiencia),Sao Jose d... - SP,13/03/2023,Efetivo,Presencial
Grupo Acelerador,BANCO DE DADOS ACELERADO,Barueri - SP,13/03/2023,Efetivo,Presencial
Mobi7,ANALISTA DE DADOS III,Curitiba - PR,10/03/2023,Efetivo,Remoto
DM,Dados | Engenheiro de Machine Learning Senior,Sao Jose d... - SP,10/03/2023,Efetivo,Remoto
Genial Investimentos,Cientista de Dados,Sao Paulo - SP,09/03/2023,Efetivo,Remoto
Mottu,Analista de Dados Junior e Pleno,Sao Paulo - SP,03/03/2023,Pessoa Juridica,Presencial
Itau Unibanco,Analista de Dados - Solucoes de Investimentos,Sao Paulo - SP,28/02/2023,Efetivo,Presencial
Vagas Peers,Data Architect (Arquiteto de Dados),Sao Paulo - SP,28/02/2023,Efetivo,Remoto
GPA,Analista Ciencia de Dados Senior,Sao Paulo - SP,27/02/2023,Efetivo,Presencial
Kempetro Engenharia,Analista de Dados,Rio de Jan... - RJ,23/02/2023,Efetivo,Presencial
TecBan,ANALISTA DADOS II,Sao Paulo - SP,13/02/2023,Efetivo,Remoto
Fundacao Sao Paulo,Auxiliar de Processamento de Dados,Sao Paulo - SP,10/02/2023,Efetivo,Presencial
Agrofel Graos e Insumos,Analista de Dados,Porto Alegre - RS,08/02/2023,Efetivo,Presencial
Stefanini Group,Administrador de Banco de Dados,Brasilia - DF,06/02/2023,Efetivo,Remoto
Itau Unibanco,Engenharia de Dados Pleno - Credito PF ,Sao Paulo - SP,31/01/2023,Efetivo,Presencial
Itau Unibanco,Engenheiro (a) de Dados Pleno - IBBA,Sao Paulo - SP,30/01/2023,Efetivo,Presencial
EloGroup,Engenheiro(a) de dados Senior,Sao Paulo - SP,27/01/2023,Efetivo,Remoto
NAVA | Technology for Business,BANCO DE TALENTOS - ENGENHARIA DE DADOS JR/PL/SR/ESPECIALISTAS,Nao informado,23/01/2023,Banco de Talentos,Presencial
Itau Unibanco,Engenheiro(a) de Dados Pleno,Sao Paulo - SP,20/01/2023,Efetivo,Presencial
Itau Unibanco,Engenharia de Dados | Oportunidade direcionada para Mulheres,Sao Paulo - SP,20/01/2023,Efetivo,Presencial
Porsche Cup Brasil,Banco de Talentos | Analista de Dados Freelancers,Sao Paulo - SP,19/01/2023,Banco de Talentos,Presencial
Kempetro Engenharia,Analista de Dados de Automacao de Projetos,Sao Paulo - SP,17/01/2023,Efetivo,Presencial
Itau Unibanco,Analista de Dados Senior (Marketing),Sao Paulo - SP,17/01/2023,Efetivo,Presencial
Infotec Brasil,Analista de Dados - Salvador/BA,Sao Franci... - BA,14/01/2023,Efetivo,Presencial
Visagio,Formados - Tecnologia | Automacao e Dados NE,Recife - PE,07/01/2023,Banco de Talentos,Presencial
Visagio,Formados - Tecnologia | Automacao e Dados SP,Sao Paulo - SP,07/01/2023,Banco de Talentos,Presencial
Visagio,Formados - Tecnologia | Automacao e Dados RJ,Rio de Jan... - RJ,07/01/2023,Banco de Talentos,Presencial
Itau Unibanco,Engenheiro (a) de Dados Senior - IBBA,Sao Paulo - SP,27/12/2022,Efetivo,Presencial
Infotec Brasil,Analista de Dados - Home Office,Rio de Jan... - RJ,26/12/2022,Efetivo,Remoto
Visagio,Formados - Tecnologia | Automacao e Dados Fortaleza,Fortaleza - CE,19/12/2022,Banco de Talentos,Presencial
Unidas,Analista de Inteligencia de Dados PL,Curitiba - PR,08/12/2022,Efetivo,Presencial
J&T Express Brasil,Analista de dados (BI),Belo Horiz... - MG,25/11/2022,Efetivo,Presencial
Ajinomoto do Brasil,Analista de TI (Administracao de Bancos de Dados),Limeira - SP,23/11/2022,Efetivo,Presencial
Projeto BRA,BRADESCO | Engenheiro de Dados,Barueri - SP,11/11/2022,Efetivo,Presencial
Itau Unibanco,Engenheiro (a) de Dados Senior,Sao Paulo - SP,11/11/2022,Efetivo,Presencial
Itau Unibanco,Engenheiro (a) de Dados Senior,Sao Paulo - SP,10/11/2022,Efetivo,Presencial
Itau Unibanco,Analista de Ciencia de Dados Pleno,Sao Paulo - SP,09/11/2022,Efetivo,Presencial
Diversa - Bip Brasil,Cientista de Dados na xTech - Vaga afirmativa para mulheres,Sao Paulo - SP,03/11/2022,Banco de Talentos,Remoto
Diversa - Bip Brasil,Engenheira de Dados xTech - Vaga afirmativa para mulheres,Sao Paulo - SP,03/11/2022,Banco de Talentos,Remoto
Bip Brasil,Pessoa Consultora de Governanca de Dados - CoE xTech,Sao Paulo - SP,27/09/2022,Banco de Talentos,Remoto
Instituto Atlantico,[Banco de Talentos] Pessoa Engenheira de Dados,Fortaleza - CE,06/09/2022,Banco de Talentos,Remoto
Itau Unibanco,Analista de Dados de Prevencao a Fraude -  Senior,Sao Paulo - SP,29/07/2022,Efetivo,Presencial
EloGroup,Engenheiro(a) de Dados Pleno,Nao informado,18/07/2022,Efetivo,Remoto
Cidacs,Banco de Talento | Engenheiro de Dados Junior,Salvador - BA,13/07/2022,Banco de Talentos,Presencial
Keep Simple,Engenheiro de Dados (1875),Curitiba - PR,12/07/2022,Pessoa Juridica,Presencial
Itau Unibanco,Analista de Dados - Exclusivo para Profissionais com Deficiencia,Sao Paulo - SP,08/07/2022,Efetivo,Presencial
Bip Brasil,Pessoa Engenheira de Dados - CoE xTech,Sao Paulo - SP,01/07/2022,Banco de Talentos,Remoto
Bip Brasil,Pessoa Cientista de Dados - CoE xTech,Sao Paulo - SP,01/07/2022,Banco de Talentos,Remoto
Vivo Digital,Banco de Talentos - Dados/BI/Analytics,Sao Paulo - SP,13/06/2022,Banco de Talentos,Presencial
Santander Brasil,Analista Senior de Dados,Sao Paulo - SP,18/05/2022,Efetivo,Presencial
DEXCO,Banco de Talentos - Cientista de Dados,Sao Paulo - SP,17/03/2022,Banco de Talentos,Remoto
Globo,Cientista de Dados | Big Data & AI,Rio de Jan... - RJ,13/01/2022,Banco de Talentos,Remoto
Sicredi,Banco de Dados - Gerente de Negocios   - Rancharia/SP,Rancharia - SP,20/10/2021,Banco de Talentos,Presencial
Sicredi,Banco de Dados  -Rancharia/SP,Rancharia - SP,20/10/2021,Banco de Talentos,Presencial
Sicredi,Banco de dados - Vaga PCD - Rancharia/SP (Administrativo/Comercial),Rancharia - SP,20/10/2021,Banco de Talentos,Presencial
Pollo Engenharia,Engenheiro Civil - Banco de Dados,Itajuba - MG,30/07/2021,Pessoa Juridica,Presencial
Brivia,Analista de Dados,Rio de Jan... - RJ,08/06/2021,Banco de Talentos,Remoto
Brivia,Cientista de Dados,Florianopolis - SC,04/06/2021,Banco de Talentos,Remoto
Brivia,Engenheiro(a) de Dados,Sao Paulo - SP,04/06/2021,Banco de Talentos,Remoto
Globalsys Solucoes em TI,Banco de Talentos - Analista de Dados/ Analista de BI ou Cientista de Dados,Nao informado,04/06/2021,Banco de Talentos,Remoto
Fennix Brasil Distribuidora,* NAO ENCONTROU A VAGA QUE VOCE GOSTARIA? CADASTRE SEUS DADOS AQUI!!! *,Manaus - AM,14/04/2021,Banco de Talentos,Presencial
Qexpert,Banco de Talentos Analista de Dados,Curitiba - PR,18/03/2021,Banco de Talentos,Remoto
Qexpert,Banco de Talentos Engenheiro de Dados,Curitiba - PR,18/03/2021,Banco de Talentos,Remoto
Qexpert,Banco de Talentos Cientista de Dados,Curitiba - PR,18/03/2021,Banco de Talentos,Remoto
Sicredi,Banco de Dados Jovem Aprendiz - Dracena/SP,Dracena - SP,11/03/2021,Banco de Talentos,Presencial
Qualidados,Nao encontrou uma vaga com seu perfil? Cadastre seus dados aqui!!,Nao informado,29/05/2020,Banco de Talentos,Presencial
Log-In Logistica Intermodal,Especialista em Analise de Dados - VAGA BANCO,Rio de Jan... - RJ,31/03/2020,Banco de Talentos,Presencial
